user_id,first_name,last_name,email
328,Nina,Dubois,nina.dubois.328@example.com
771,Hugo,Durand,hugo.durand.771@example.com
972,Hugo,Moreau,hugo.moreau.972@example.com
487,Olivia,Mercier,olivia.mercier.487@example.com
466,Ethan,Lefevre,ethan.lefevre.466@example.com
331,Zoe,Moreau,zoe.moreau.331@example.com
222,Taylor,Lemoine,taylor.lemoine.222@example.com
608,Sofia,Garcia,sofia.garcia.608@example.com
475,Sam,Rousseau,sam.rousseau.475@example.com
670,Leo,Durand,leo.durand.670@example.com
503,Liam,Lefevre,liam.lefevre.503@example.com
298,Jordan,Martin,jordan.martin.298@example.com
992,Sam,Muller,sam.muller.992@example.com
397,Zoe,Mercier,zoe.mercier.397@example.com
349,Sam,Garcia,sam.garcia.349@example.com
104,Kenza,Rousseau,kenza.rousseau.104@example.com
25,Emma,Petit,emma.petit.25@example.com
22,Leo,Lefevre,leo.lefevre.22@example.com
429,Mila,Boyer,mila.boyer.429@example.com
69,Chris,Lemoine,chris.lemoine.69@example.com
124,Kenza,Garcia,kenza.garcia.124@example.com
457,Mila,Mercier,mila.mercier.457@example.com
995,Leo,Renard,leo.renard.995@example.com
238,Leo,Rousseau,leo.rousseau.238@example.com
12,Taylor,Durand,taylor.durand.12@example.com
538,Noah,Lambert,noah.lambert.538@example.com
490,Nina,Martin,nina.martin.490@example.com
649,Alex,Dubois,alex.dubois.649@example.com
149,Mila,Renard,mila.renard.149@example.com
169,Noah,Fournier,noah.fournier.169@example.com
961,Alex,Bernard,alex.bernard.961@example.com
44,Sam,Rousseau,sam.rousseau.44@example.com
401,Chris,Renard,chris.renard.401@example.com
491,Nina,Mercier,nina.mercier.491@example.com
248,Liam,Boyer,liam.boyer.248@example.com
444,Chris,Mercier,chris.mercier.444@example.com
722,Leo,Garcia,leo.garcia.722@example.com
288,Leo,Lemoine,leo.lemoine.288@example.com
857,Jordan,Rousseau,jordan.rousseau.857@example.com
524,Chris,Boyer,chris.boyer.524@example.com
946,Maya,Garcia,maya.garcia.946@example.com
481,Liam,Renard,liam.renard.481@example.com
530,Nina,Mercier,nina.mercier.530@example.com
957,Mila,Durand,mila.durand.957@example.com
950,Alex,Petit,alex.petit.950@example.com
197,Sam,Bernard,sam.bernard.197@example.com
613,Alex,Bernard,alex.bernard.613@example.com
822,Noah,Mercier,noah.mercier.822@example.com
567,Adam,Lopez,adam.lopez.567@example.com
178,Yara,Fournier,yara.fournier.178@example.com
188,Sam,Rousseau,sam.rousseau.188@example.com
955,Sam,Rousseau,sam.rousseau.955@example.com
621,Maya,Bernard,maya.bernard.621@example.com
403,Sofia,Bonnet,sofia.bonnet.403@example.com
431,Noah,Fournier,noah.fournier.431@example.com
610,Alex,Muller,alex.muller.610@example.com
144,Kenza,Lemoine,kenza.lemoine.144@example.com
43,Leo,Durand,leo.durand.43@example.com
131,Leo,Moreau,leo.moreau.131@example.com
62,Alex,Mercier,alex.mercier.62@example.com
292,Sofia,Boyer,sofia.boyer.292@example.com
770,Emma,Mercier,emma.mercier.770@example.com
24,Taylor,Martin,taylor.martin.24@example.com
826,Noah,Lambert,noah.lambert.826@example.com
94,Zoe,Lefevre,zoe.lefevre.94@example.com
829,Adam,Boyer,adam.boyer.829@example.com
227,Ethan,Moreau,ethan.moreau.227@example.com
287,Taylor,Mercier,taylor.mercier.287@example.com
594,Sam,Lefevre,sam.lefevre.594@example.com
868,Leo,Martin,leo.martin.868@example.com
757,Hugo,Lefevre,hugo.lefevre.757@example.com
784,Leo,Boyer,leo.boyer.784@example.com
448,Emma,Bernard,emma.bernard.448@example.com
631,Zoe,Renard,zoe.renard.631@example.com
721,Taylor,Fournier,taylor.fournier.721@example.com
173,Chris,Bernard,chris.bernard.173@example.com
281,Liam,Boyer,liam.boyer.281@example.com
615,Sofia,Lefevre,sofia.lefevre.615@example.com
661,Adam,Bernard,adam.bernard.661@example.com
586,Sofia,Garcia,sofia.garcia.586@example.com
742,Sam,Fournier,sam.fournier.742@example.com
235,Chris,Lopez,chris.lopez.235@example.com
614,Yara,Lopez,yara.lopez.614@example.com
50,Mila,Martin,mila.martin.50@example.com
464,Yara,Dubois,yara.dubois.464@example.com
892,Olivia,Boyer,olivia.boyer.892@example.com
296,Sam,Dubois,sam.dubois.296@example.com
242,Olivia,Garcia,olivia.garcia.242@example.com
792,Emma,Martin,emma.martin.792@example.com
128,Zoe,Garcia,zoe.garcia.128@example.com
157,Chris,Boyer,chris.boyer.157@example.com
876,Alex,Durand,alex.durand.876@example.com
517,Noah,Durand,noah.durand.517@example.com
160,Alex,Garcia,alex.garcia.160@example.com
588,Jordan,Bonnet,jordan.bonnet.588@example.com
731,Liam,Bonnet,liam.bonnet.731@example.com
819,Leo,Martin,leo.martin.819@example.com
744,Leo,Durand,leo.durand.744@example.com
363,Nina,Lemoine,nina.lemoine.363@example.com
516,Liam,Lambert,liam.lambert.516@example.com
385,Hugo,Mercier,hugo.mercier.385@example.com
769,Ethan,Garcia,ethan.garcia.769@example.com
461,Liam,Muller,liam.muller.461@example.com
251,Yara,Lefevre,yara.lefevre.251@example.com
259,Mila,Durand,mila.durand.259@example.com
904,Sam,Lopez,sam.lopez.904@example.com
971,Olivia,Muller,olivia.muller.971@example.com
384,Emma,Boyer,emma.boyer.384@example.com
80,Olivia,Bonnet,olivia.bonnet.80@example.com
489,Ethan,Fournier,ethan.fournier.489@example.com
318,Chris,Petit,chris.petit.318@example.com
763,Kenza,Dubois,kenza.dubois.763@example.com
646,Yara,Dubois,yara.dubois.646@example.com
818,Yara,Durand,yara.durand.818@example.com
377,Maya,Boyer,maya.boyer.377@example.com
519,Ethan,Mercier,ethan.mercier.519@example.com
339,Liam,Mercier,liam.mercier.339@example.com
96,Adam,Dubois,adam.dubois.96@example.com
46,Emma,Durand,emma.durand.46@example.com
438,Ethan,Durand,ethan.durand.438@example.com
68,Leo,Moreau,leo.moreau.68@example.com
225,Leo,Rousseau,leo.rousseau.225@example.com
117,Sofia,Renard,sofia.renard.117@example.com
872,Leo,Lemoine,leo.lemoine.872@example.com
647,Taylor,Mercier,taylor.mercier.647@example.com
699,Taylor,Moreau,taylor.moreau.699@example.com
835,Taylor,Garcia,taylor.garcia.835@example.com
308,Zoe,Boyer,zoe.boyer.308@example.com
821,Noah,Moreau,noah.moreau.821@example.com
865,Nina,Bonnet,nina.bonnet.865@example.com
715,Zoe,Boyer,zoe.boyer.715@example.com
430,Chris,Martin,chris.martin.430@example.com
639,Adam,Durand,adam.durand.639@example.com
447,Emma,Muller,emma.muller.447@example.com
342,Mila,Durand,mila.durand.342@example.com
951,Yara,Mercier,yara.mercier.951@example.com
294,Maya,Lefevre,maya.lefevre.294@example.com
85,Liam,Petit,liam.petit.85@example.com
919,Kenza,Lambert,kenza.lambert.919@example.com
483,Hugo,Lemoine,hugo.lemoine.483@example.com
696,Nina,Rousseau,nina.rousseau.696@example.com
915,Taylor,Moreau,taylor.moreau.915@example.com
41,Chris,Lemoine,chris.lemoine.41@example.com
67,Ethan,Rousseau,ethan.rousseau.67@example.com
659,Ethan,Bernard,ethan.bernard.659@example.com
33,Jordan,Bonnet,jordan.bonnet.33@example.com
830,Olivia,Bonnet,olivia.bonnet.830@example.com
301,Alex,Martin,alex.martin.301@example.com
683,Maya,Muller,maya.muller.683@example.com
38,Zoe,Lemoine,zoe.lemoine.38@example.com
111,Yara,Muller,yara.muller.111@example.com
789,Sofia,Renard,sofia.renard.789@example.com
446,Maya,Bonnet,maya.bonnet.446@example.com
747,Hugo,Dubois,hugo.dubois.747@example.com
918,Leo,Garcia,leo.garcia.918@example.com
399,Chris,Lopez,chris.lopez.399@example.com
675,Sam,Rousseau,sam.rousseau.675@example.com
8,Emma,Mercier,emma.mercier.8@example.com
152,Sofia,Muller,sofia.muller.152@example.com
981,Liam,Lambert,liam.lambert.981@example.com
790,Olivia,Fournier,olivia.fournier.790@example.com
346,Noah,Lefevre,noah.lefevre.346@example.com
207,Leo,Lemoine,leo.lemoine.207@example.com
418,Adam,Martin,adam.martin.418@example.com
486,Yara,Lefevre,yara.lefevre.486@example.com
237,Noah,Lopez,noah.lopez.237@example.com
913,Nina,Lemoine,nina.lemoine.913@example.com
405,Sam,Bernard,sam.bernard.405@example.com
975,Yara,Bonnet,yara.bonnet.975@example.com
982,Noah,Lemoine,noah.lemoine.982@example.com
17,Taylor,Garcia,taylor.garcia.17@example.com
509,Mila,Lambert,mila.lambert.509@example.com
799,Nina,Dubois,nina.dubois.799@example.com
575,Olivia,Bonnet,olivia.bonnet.575@example.com
702,Chris,Lefevre,chris.lefevre.702@example.com
174,Liam,Lemoine,liam.lemoine.174@example.com
209,Jordan,Muller,jordan.muller.209@example.com
556,Zoe,Petit,zoe.petit.556@example.com
874,Sam,Bonnet,sam.bonnet.874@example.com
989,Zoe,Muller,zoe.muller.989@example.com
513,Hugo,Durand,hugo.durand.513@example.com
805,Ethan,Garcia,ethan.garcia.805@example.com
398,Noah,Lemoine,noah.lemoine.398@example.com
933,Zoe,Bernard,zoe.bernard.933@example.com
150,Adam,Garcia,adam.garcia.150@example.com
199,Leo,Petit,leo.petit.199@example.com
812,Chris,Mercier,chris.mercier.812@example.com
218,Yara,Bonnet,yara.bonnet.218@example.com
1000,Maya,Lopez,maya.lopez.1000@example.com
571,Sam,Moreau,sam.moreau.571@example.com
922,Olivia,Martin,olivia.martin.922@example.com
364,Maya,Moreau,maya.moreau.364@example.com
426,Sofia,Lopez,sofia.lopez.426@example.com
138,Zoe,Petit,zoe.petit.138@example.com
123,Emma,Lefevre,emma.lefevre.123@example.com
252,Hugo,Bernard,hugo.bernard.252@example.com
880,Sam,Boyer,sam.boyer.880@example.com
713,Mila,Martin,mila.martin.713@example.com
77,Hugo,Renard,hugo.renard.77@example.com
27,Taylor,Dubois,taylor.dubois.27@example.com
954,Zoe,Muller,zoe.muller.954@example.com
51,Zoe,Dubois,zoe.dubois.51@example.com
935,Adam,Lambert,adam.lambert.935@example.com
305,Zoe,Dubois,zoe.dubois.305@example.com
320,Mila,Boyer,mila.boyer.320@example.com
141,Olivia,Petit,olivia.petit.141@example.com
110,Taylor,Rousseau,taylor.rousseau.110@example.com
555,Zoe,Lefevre,zoe.lefevre.555@example.com
84,Nina,Bernard,nina.bernard.84@example.com
698,Olivia,Fournier,olivia.fournier.698@example.com
505,Adam,Garcia,adam.garcia.505@example.com
198,Adam,Renard,adam.renard.198@example.com
724,Yara,Petit,yara.petit.724@example.com
118,Alex,Bonnet,alex.bonnet.118@example.com
591,Hugo,Rousseau,hugo.rousseau.591@example.com
136,Mila,Bernard,mila.bernard.136@example.com
749,Sofia,Mercier,sofia.mercier.749@example.com
983,Chris,Moreau,chris.moreau.983@example.com
850,Jordan,Lefevre,jordan.lefevre.850@example.com
148,Sam,Lefevre,sam.lefevre.148@example.com
333,Ethan,Bonnet,ethan.bonnet.333@example.com
455,Nina,Renard,nina.renard.455@example.com
193,Adam,Renard,adam.renard.193@example.com
801,Noah,Renard,noah.renard.801@example.com
114,Zoe,Dubois,zoe.dubois.114@example.com
788,Zoe,Muller,zoe.muller.788@example.com
601,Nina,Fournier,nina.fournier.601@example.com
206,Hugo,Durand,hugo.durand.206@example.com
165,Mila,Lefevre,mila.lefevre.165@example.com
800,Taylor,Muller,taylor.muller.800@example.com
522,Olivia,Martin,olivia.martin.522@example.com
261,Alex,Rousseau,alex.rousseau.261@example.com
877,Yara,Lambert,yara.lambert.877@example.com
643,Leo,Lambert,leo.lambert.643@example.com
787,Emma,Garcia,emma.garcia.787@example.com
258,Zoe,Dubois,zoe.dubois.258@example.com
578,Adam,Garcia,adam.garcia.578@example.com
912,Adam,Lambert,adam.lambert.912@example.com
479,Zoe,Garcia,zoe.garcia.479@example.com
106,Mila,Renard,mila.renard.106@example.com
224,Sofia,Mercier,sofia.mercier.224@example.com
811,Emma,Garcia,emma.garcia.811@example.com
949,Sam,Lambert,sam.lambert.949@example.com
91,Leo,Dubois,leo.dubois.91@example.com
1,Liam,Lefevre,liam.lefevre.1@example.com
570,Noah,Dubois,noah.dubois.570@example.com
756,Hugo,Moreau,hugo.moreau.756@example.com
634,Yara,Moreau,yara.moreau.634@example.com
376,Maya,Mercier,maya.mercier.376@example.com
854,Hugo,Lemoine,hugo.lemoine.854@example.com
36,Taylor,Boyer,taylor.boyer.36@example.com
87,Chris,Muller,chris.muller.87@example.com
338,Kenza,Lefevre,kenza.lefevre.338@example.com
677,Nina,Lopez,nina.lopez.677@example.com
177,Sam,Moreau,sam.moreau.177@example.com
477,Taylor,Renard,taylor.renard.477@example.com
923,Alex,Rousseau,alex.rousseau.923@example.com
574,Maya,Martin,maya.martin.574@example.com
730,Kenza,Dubois,kenza.dubois.730@example.com
879,Zoe,Rousseau,zoe.rousseau.879@example.com
552,Taylor,Durand,taylor.durand.552@example.com
266,Kenza,Bernard,kenza.bernard.266@example.com
640,Mila,Lopez,mila.lopez.640@example.com
83,Chris,Muller,chris.muller.83@example.com
31,Ethan,Durand,ethan.durand.31@example.com
884,Zoe,Lambert,zoe.lambert.884@example.com
450,Ethan,Lambert,ethan.lambert.450@example.com
737,Chris,Lopez,chris.lopez.737@example.com
814,Hugo,Bonnet,hugo.bonnet.814@example.com
164,Leo,Dubois,leo.dubois.164@example.com
553,Ethan,Bonnet,ethan.bonnet.553@example.com
155,Taylor,Lefevre,taylor.lefevre.155@example.com
322,Chris,Dubois,chris.dubois.322@example.com
908,Nina,Lemoine,nina.lemoine.908@example.com
371,Mila,Renard,mila.renard.371@example.com
577,Adam,Lopez,adam.lopez.577@example.com
732,Alex,Muller,alex.muller.732@example.com
247,Hugo,Durand,hugo.durand.247@example.com
472,Yara,Bonnet,yara.bonnet.472@example.com
190,Noah,Garcia,noah.garcia.190@example.com
986,Kenza,Boyer,kenza.boyer.986@example.com
902,Chris,Bernard,chris.bernard.902@example.com
542,Emma,Mercier,emma.mercier.542@example.com
145,Zoe,Garcia,zoe.garcia.145@example.com
535,Sofia,Bonnet,sofia.bonnet.535@example.com
378,Jordan,Moreau,jordan.moreau.378@example.com
161,Yara,Boyer,yara.boyer.161@example.com
192,Mila,Boyer,mila.boyer.192@example.com
557,Sofia,Bonnet,sofia.bonnet.557@example.com
685,Maya,Bonnet,maya.bonnet.685@example.com
518,Zoe,Renard,zoe.renard.518@example.com
743,Sofia,Renard,sofia.renard.743@example.com
690,Maya,Lemoine,maya.lemoine.690@example.com
994,Maya,Boyer,maya.boyer.994@example.com
905,Kenza,Bonnet,kenza.bonnet.905@example.com
539,Jordan,Durand,jordan.durand.539@example.com
798,Noah,Moreau,noah.moreau.798@example.com
934,Leo,Boyer,leo.boyer.934@example.com
705,Noah,Lemoine,noah.lemoine.705@example.com
271,Sam,Boyer,sam.boyer.271@example.com
939,Zoe,Bonnet,zoe.bonnet.939@example.com
625,Emma,Renard,emma.renard.625@example.com
319,Alex,Bonnet,alex.bonnet.319@example.com
655,Adam,Garcia,adam.garcia.655@example.com
965,Alex,Boyer,alex.boyer.965@example.com
246,Yara,Muller,yara.muller.246@example.com
95,Nina,Lopez,nina.lopez.95@example.com
134,Leo,Rousseau,leo.rousseau.134@example.com
244,Mila,Lemoine,mila.lemoine.244@example.com
532,Kenza,Mercier,kenza.mercier.532@example.com
962,Leo,Mercier,leo.mercier.962@example.com
533,Liam,Moreau,liam.moreau.533@example.com
838,Zoe,Rousseau,zoe.rousseau.838@example.com
329,Alex,Rousseau,alex.rousseau.329@example.com
564,Hugo,Martin,hugo.martin.564@example.com
435,Chris,Muller,chris.muller.435@example.com
755,Ethan,Martin,ethan.martin.755@example.com
684,Ethan,Bonnet,ethan.bonnet.684@example.com
520,Zoe,Durand,zoe.durand.520@example.com
293,Sofia,Mercier,sofia.mercier.293@example.com
262,Nina,Lopez,nina.lopez.262@example.com
851,Sam,Garcia,sam.garcia.851@example.com
92,Zoe,Rousseau,zoe.rousseau.92@example.com
151,Noah,Lambert,noah.lambert.151@example.com
909,Noah,Muller,noah.muller.909@example.com
977,Hugo,Lambert,hugo.lambert.977@example.com
302,Olivia,Martin,olivia.martin.302@example.com
159,Taylor,Fournier,taylor.fournier.159@example.com
996,Hugo,Fournier,hugo.fournier.996@example.com
317,Mila,Bernard,mila.bernard.317@example.com
687,Sam,Rousseau,sam.rousseau.687@example.com
674,Noah,Moreau,noah.moreau.674@example.com
146,Jordan,Renard,jordan.renard.146@example.com
824,Mila,Garcia,mila.garcia.824@example.com
693,Adam,Mercier,adam.mercier.693@example.com
392,Liam,Bernard,liam.bernard.392@example.com
101,Leo,Lefevre,leo.lefevre.101@example.com
345,Ethan,Mercier,ethan.mercier.345@example.com
409,Mila,Bonnet,mila.bonnet.409@example.com
871,Chris,Lefevre,chris.lefevre.871@example.com
853,Nina,Moreau,nina.moreau.853@example.com
57,Noah,Fournier,noah.fournier.57@example.com
56,Yara,Lemoine,yara.lemoine.56@example.com
201,Sofia,Rousseau,sofia.rousseau.201@example.com
52,Adam,Fournier,adam.fournier.52@example.com
167,Jordan,Rousseau,jordan.rousseau.167@example.com
782,Jordan,Durand,jordan.durand.782@example.com
20,Leo,Lambert,leo.lambert.20@example.com
945,Liam,Petit,liam.petit.945@example.com
717,Adam,Lefevre,adam.lefevre.717@example.com
407,Ethan,Fournier,ethan.fournier.407@example.com
204,Emma,Bernard,emma.bernard.204@example.com
367,Hugo,Durand,hugo.durand.367@example.com
695,Leo,Lopez,leo.lopez.695@example.com
116,Jordan,Bernard,jordan.bernard.116@example.com
125,Maya,Dubois,maya.dubois.125@example.com
304,Liam,Muller,liam.muller.304@example.com
886,Maya,Mercier,maya.mercier.886@example.com
442,Taylor,Martin,taylor.martin.442@example.com
463,Sam,Lambert,sam.lambert.463@example.com
482,Taylor,Bernard,taylor.bernard.482@example.com
759,Alex,Rousseau,alex.rousseau.759@example.com
15,Kenza,Lemoine,kenza.lemoine.15@example.com
848,Noah,Lefevre,noah.lefevre.848@example.com
953,Noah,Boyer,noah.boyer.953@example.com
804,Zoe,Lambert,zoe.lambert.804@example.com
896,Noah,Boyer,noah.boyer.896@example.com
182,Jordan,Durand,jordan.durand.182@example.com
30,Yara,Martin,yara.martin.30@example.com
882,Liam,Durand,liam.durand.882@example.com
554,Kenza,Mercier,kenza.mercier.554@example.com
230,Nina,Muller,nina.muller.230@example.com
960,Maya,Fournier,maya.fournier.960@example.com
751,Adam,Bonnet,adam.bonnet.751@example.com
585,Leo,Lambert,leo.lambert.585@example.com
441,Noah,Moreau,noah.moreau.441@example.com
889,Nina,Garcia,nina.garcia.889@example.com
306,Hugo,Lambert,hugo.lambert.306@example.com
642,Sofia,Mercier,sofia.mercier.642@example.com
712,Nina,Rousseau,nina.rousseau.712@example.com
917,Kenza,Renard,kenza.renard.917@example.com
282,Leo,Rousseau,leo.rousseau.282@example.com
510,Olivia,Rousseau,olivia.rousseau.510@example.com
506,Hugo,Durand,hugo.durand.506@example.com
774,Alex,Muller,alex.muller.774@example.com
583,Sofia,Rousseau,sofia.rousseau.583@example.com
275,Sofia,Lambert,sofia.lambert.275@example.com
191,Zoe,Bernard,zoe.bernard.191@example.com
758,Maya,Muller,maya.muller.758@example.com
888,Taylor,Lefevre,taylor.lefevre.888@example.com
701,Taylor,Fournier,taylor.fournier.701@example.com
183,Kenza,Lemoine,kenza.lemoine.183@example.com
414,Alex,Petit,alex.petit.414@example.com
352,Ethan,Durand,ethan.durand.352@example.com
229,Hugo,Durand,hugo.durand.229@example.com
375,Kenza,Lefevre,kenza.lefevre.375@example.com
973,Nina,Durand,nina.durand.973@example.com
644,Adam,Lambert,adam.lambert.644@example.com
845,Chris,Fournier,chris.fournier.845@example.com
936,Yara,Muller,yara.muller.936@example.com
89,Kenza,Moreau,kenza.moreau.89@example.com
488,Sam,Dubois,sam.dubois.488@example.com
976,Jordan,Moreau,jordan.moreau.976@example.com
291,Leo,Lambert,leo.lambert.291@example.com
393,Noah,Boyer,noah.boyer.393@example.com
776,Mila,Durand,mila.durand.776@example.com
412,Liam,Mercier,liam.mercier.412@example.com
988,Adam,Boyer,adam.boyer.988@example.com
991,Yara,Moreau,yara.moreau.991@example.com
140,Chris,Lemoine,chris.lemoine.140@example.com
382,Yara,Mercier,yara.mercier.382@example.com
569,Sofia,Boyer,sofia.boyer.569@example.com
434,Kenza,Lefevre,kenza.lefevre.434@example.com
867,Yara,Renard,yara.renard.867@example.com
215,Nina,Bonnet,nina.bonnet.215@example.com
725,Jordan,Garcia,jordan.garcia.725@example.com
130,Leo,Lefevre,leo.lefevre.130@example.com
907,Sofia,Dubois,sofia.dubois.907@example.com
170,Jordan,Rousseau,jordan.rousseau.170@example.com
765,Adam,Lemoine,adam.lemoine.765@example.com
389,Sam,Renard,sam.renard.389@example.com
563,Olivia,Muller,olivia.muller.563@example.com
180,Adam,Boyer,adam.boyer.180@example.com
807,Leo,Dubois,leo.dubois.807@example.com
334,Chris,Garcia,chris.garcia.334@example.com
656,Maya,Mercier,maya.mercier.656@example.com
809,Maya,Fournier,maya.fournier.809@example.com
274,Jordan,Rousseau,jordan.rousseau.274@example.com
254,Hugo,Dubois,hugo.dubois.254@example.com
592,Sam,Dubois,sam.dubois.592@example.com
166,Ethan,Muller,ethan.muller.166@example.com
778,Hugo,Garcia,hugo.garcia.778@example.com
249,Adam,Renard,adam.renard.249@example.com
562,Mila,Bernard,mila.bernard.562@example.com
780,Maya,Garcia,maya.garcia.780@example.com
358,Yara,Fournier,yara.fournier.358@example.com
404,Nina,Lefevre,nina.lefevre.404@example.com
680,Kenza,Renard,kenza.renard.680@example.com
216,Nina,Lopez,nina.lopez.216@example.com
408,Olivia,Moreau,olivia.moreau.408@example.com
213,Nina,Rousseau,nina.rousseau.213@example.com
420,Kenza,Renard,kenza.renard.420@example.com
119,Kenza,Muller,kenza.muller.119@example.com
741,Emma,Dubois,emma.dubois.741@example.com
214,Liam,Mercier,liam.mercier.214@example.com
796,Mila,Garcia,mila.garcia.796@example.com
181,Yara,Durand,yara.durand.181@example.com
700,Chris,Fournier,chris.fournier.700@example.com
132,Maya,Lefevre,maya.lefevre.132@example.com
825,Maya,Lefevre,maya.lefevre.825@example.com
958,Zoe,Lambert,zoe.lambert.958@example.com
315,Hugo,Lopez,hugo.lopez.315@example.com
910,Chris,Fournier,chris.fournier.910@example.com
433,Ethan,Lopez,ethan.lopez.433@example.com
454,Yara,Rousseau,yara.rousseau.454@example.com
423,Chris,Lambert,chris.lambert.423@example.com
666,Jordan,Lemoine,jordan.lemoine.666@example.com
34,Leo,Lopez,leo.lopez.34@example.com
930,Taylor,Rousseau,taylor.rousseau.930@example.com
605,Olivia,Moreau,olivia.moreau.605@example.com
969,Leo,Renard,leo.renard.969@example.com
40,Jordan,Mercier,jordan.mercier.40@example.com
568,Emma,Garcia,emma.garcia.568@example.com
501,Chris,Bernard,chris.bernard.501@example.com
607,Adam,Petit,adam.petit.607@example.com
105,Nina,Lambert,nina.lambert.105@example.com
82,Sam,Bernard,sam.bernard.82@example.com
504,Sam,Martin,sam.martin.504@example.com
622,Sofia,Petit,sofia.petit.622@example.com
859,Alex,Mercier,alex.mercier.859@example.com
362,Adam,Moreau,adam.moreau.362@example.com
425,Zoe,Rousseau,zoe.rousseau.425@example.com
21,Chris,Boyer,chris.boyer.21@example.com
70,Hugo,Lopez,hugo.lopez.70@example.com
325,Noah,Durand,noah.durand.325@example.com
39,Ethan,Petit,ethan.petit.39@example.com
952,Nina,Fournier,nina.fournier.952@example.com
664,Zoe,Lemoine,zoe.lemoine.664@example.com
834,Nina,Bonnet,nina.bonnet.834@example.com
492,Leo,Lopez,leo.lopez.492@example.com
781,Noah,Rousseau,noah.rousseau.781@example.com
686,Jordan,Bernard,jordan.bernard.686@example.com
626,Sam,Durand,sam.durand.626@example.com
53,Leo,Moreau,leo.moreau.53@example.com
109,Sofia,Garcia,sofia.garcia.109@example.com
241,Adam,Rousseau,adam.rousseau.241@example.com
526,Maya,Lemoine,maya.lemoine.526@example.com
460,Alex,Lopez,alex.lopez.460@example.com
32,Chris,Petit,chris.petit.32@example.com
312,Noah,Boyer,noah.boyer.312@example.com
970,Jordan,Boyer,jordan.boyer.970@example.com
451,Leo,Bonnet,leo.bonnet.451@example.com
863,Zoe,Lopez,zoe.lopez.863@example.com
681,Nina,Fournier,nina.fournier.681@example.com
810,Emma,Bonnet,emma.bonnet.810@example.com
507,Jordan,Moreau,jordan.moreau.507@example.com
691,Chris,Garcia,chris.garcia.691@example.com
187,Emma,Fournier,emma.fournier.187@example.com
719,Hugo,Bernard,hugo.bernard.719@example.com
738,Emma,Moreau,emma.moreau.738@example.com
129,Chris,Garcia,chris.garcia.129@example.com
273,Zoe,Muller,zoe.muller.273@example.com
629,Mila,Renard,mila.renard.629@example.com
436,Leo,Lopez,leo.lopez.436@example.com
76,Chris,Moreau,chris.moreau.76@example.com
916,Adam,Petit,adam.petit.916@example.com
941,Liam,Mercier,liam.mercier.941@example.com
341,Emma,Petit,emma.petit.341@example.com
508,Sofia,Petit,sofia.petit.508@example.com
326,Ethan,Renard,ethan.renard.326@example.com
609,Alex,Lambert,alex.lambert.609@example.com
560,Noah,Lemoine,noah.lemoine.560@example.com
278,Noah,Fournier,noah.fournier.278@example.com
860,Ethan,Rousseau,ethan.rousseau.860@example.com
633,Maya,Durand,maya.durand.633@example.com
714,Taylor,Bernard,taylor.bernard.714@example.com
581,Jordan,Muller,jordan.muller.581@example.com
336,Olivia,Martin,olivia.martin.336@example.com
60,Sam,Martin,sam.martin.60@example.com
360,Chris,Rousseau,chris.rousseau.360@example.com
233,Alex,Petit,alex.petit.233@example.com
103,Sam,Lemoine,sam.lemoine.103@example.com
309,Alex,Moreau,alex.moreau.309@example.com
184,Hugo,Petit,hugo.petit.184@example.com
421,Jordan,Durand,jordan.durand.421@example.com
775,Zoe,Fournier,zoe.fournier.775@example.com
462,Sam,Lefevre,sam.lefevre.462@example.com
878,Yara,Durand,yara.durand.878@example.com
875,Sofia,Moreau,sofia.moreau.875@example.com
112,Emma,Renard,emma.renard.112@example.com
987,Taylor,Renard,taylor.renard.987@example.com
711,Maya,Boyer,maya.boyer.711@example.com
628,Sam,Martin,sam.martin.628@example.com
406,Taylor,Moreau,taylor.moreau.406@example.com
688,Mila,Dubois,mila.dubois.688@example.com
900,Sofia,Boyer,sofia.boyer.900@example.com
668,Liam,Fournier,liam.fournier.668@example.com
866,Maya,Lefevre,maya.lefevre.866@example.com
783,Maya,Durand,maya.durand.783@example.com
502,Adam,Mercier,adam.mercier.502@example.com
528,Nina,Bonnet,nina.bonnet.528@example.com
527,Leo,Fournier,leo.fournier.527@example.com
269,Leo,Petit,leo.petit.269@example.com
901,Ethan,Petit,ethan.petit.901@example.com
525,Kenza,Mercier,kenza.mercier.525@example.com
593,Taylor,Lopez,taylor.lopez.593@example.com
883,Alex,Moreau,alex.moreau.883@example.com
665,Zoe,Petit,zoe.petit.665@example.com
512,Kenza,Petit,kenza.petit.512@example.com
967,Zoe,Muller,zoe.muller.967@example.com
172,Maya,Petit,maya.petit.172@example.com
65,Ethan,Martin,ethan.martin.65@example.com
47,Taylor,Bonnet,taylor.bonnet.47@example.com
942,Nina,Muller,nina.muller.942@example.com
657,Noah,Fournier,noah.fournier.657@example.com
469,Jordan,Durand,jordan.durand.469@example.com
340,Leo,Rousseau,leo.rousseau.340@example.com
332,Noah,Mercier,noah.mercier.332@example.com
791,Emma,Moreau,emma.moreau.791@example.com
579,Taylor,Mercier,taylor.mercier.579@example.com
823,Maya,Mercier,maya.mercier.823@example.com
584,Zoe,Bernard,zoe.bernard.584@example.com
390,Yara,Durand,yara.durand.390@example.com
803,Alex,Mercier,alex.mercier.803@example.com
500,Nina,Rousseau,nina.rousseau.500@example.com
99,Jordan,Lefevre,jordan.lefevre.99@example.com
963,Mila,Garcia,mila.garcia.963@example.com
618,Kenza,Durand,kenza.durand.618@example.com
55,Kenza,Bernard,kenza.bernard.55@example.com
844,Maya,Martin,maya.martin.844@example.com
3,Olivia,Petit,olivia.petit.3@example.com
286,Noah,Garcia,noah.garcia.286@example.com
806,Noah,Lambert,noah.lambert.806@example.com
323,Jordan,Lopez,jordan.lopez.323@example.com
45,Taylor,Muller,taylor.muller.45@example.com
697,Adam,Muller,adam.muller.697@example.com
928,Chris,Lopez,chris.lopez.928@example.com
729,Sofia,Boyer,sofia.boyer.729@example.com
817,Sam,Muller,sam.muller.817@example.com
587,Nina,Moreau,nina.moreau.587@example.com
208,Ethan,Muller,ethan.muller.208@example.com
37,Yara,Lambert,yara.lambert.37@example.com
480,Hugo,Bonnet,hugo.bonnet.480@example.com
449,Jordan,Moreau,jordan.moreau.449@example.com
559,Emma,Lefevre,emma.lefevre.559@example.com
603,Emma,Lambert,emma.lambert.603@example.com
416,Taylor,Durand,taylor.durand.416@example.com
974,Alex,Petit,alex.petit.974@example.com
98,Liam,Petit,liam.petit.98@example.com
11,Jordan,Bernard,jordan.bernard.11@example.com
81,Adam,Dubois,adam.dubois.81@example.com
929,Leo,Mercier,leo.mercier.929@example.com
979,Adam,Mercier,adam.mercier.979@example.com
726,Alex,Petit,alex.petit.726@example.com
66,Hugo,Lemoine,hugo.lemoine.66@example.com
932,Ethan,Durand,ethan.durand.932@example.com
439,Maya,Durand,maya.durand.439@example.com
679,Nina,Bernard,nina.bernard.679@example.com
716,Liam,Garcia,liam.garcia.716@example.com
470,Yara,Renard,yara.renard.470@example.com
321,Hugo,Lopez,hugo.lopez.321@example.com
63,Jordan,Lopez,jordan.lopez.63@example.com
16,Liam,Renard,liam.renard.16@example.com
365,Alex,Fournier,alex.fournier.365@example.com
90,Zoe,Lemoine,zoe.lemoine.90@example.com
474,Chris,Lambert,chris.lambert.474@example.com
232,Maya,Renard,maya.renard.232@example.com
102,Maya,Moreau,maya.moreau.102@example.com
703,Sam,Dubois,sam.dubois.703@example.com
768,Nina,Martin,nina.martin.768@example.com
931,Chris,Bernard,chris.bernard.931@example.com
283,Taylor,Mercier,taylor.mercier.283@example.com
2,Adam,Bonnet,adam.bonnet.2@example.com
550,Hugo,Muller,hugo.muller.550@example.com
139,Mila,Muller,mila.muller.139@example.com
499,Hugo,Lefevre,hugo.lefevre.499@example.com
766,Sofia,Bernard,sofia.bernard.766@example.com
617,Kenza,Lefevre,kenza.lefevre.617@example.com
735,Jordan,Garcia,jordan.garcia.735@example.com
250,Sofia,Dubois,sofia.dubois.250@example.com
260,Adam,Lefevre,adam.lefevre.260@example.com
353,Emma,Muller,emma.muller.353@example.com
468,Yara,Bonnet,yara.bonnet.468@example.com
841,Leo,Petit,leo.petit.841@example.com
202,Leo,Durand,leo.durand.202@example.com
582,Zoe,Petit,zoe.petit.582@example.com
964,Adam,Bonnet,adam.bonnet.964@example.com
753,Ethan,Petit,ethan.petit.753@example.com
270,Adam,Lambert,adam.lambert.270@example.com
911,Emma,Boyer,emma.boyer.911@example.com
231,Yara,Bonnet,yara.bonnet.231@example.com
869,Alex,Moreau,alex.moreau.869@example.com
379,Sam,Garcia,sam.garcia.379@example.com
692,Leo,Garcia,leo.garcia.692@example.com
590,Olivia,Lemoine,olivia.lemoine.590@example.com
186,Alex,Dubois,alex.dubois.186@example.com
54,Hugo,Dubois,hugo.dubois.54@example.com
107,Adam,Muller,adam.muller.107@example.com
836,Hugo,Boyer,hugo.boyer.836@example.com
709,Olivia,Rousseau,olivia.rousseau.709@example.com
228,Maya,Rousseau,maya.rousseau.228@example.com
410,Maya,Bernard,maya.bernard.410@example.com
115,Leo,Durand,leo.durand.115@example.com
26,Sam,Lefevre,sam.lefevre.26@example.com
638,Adam,Lambert,adam.lambert.638@example.com
158,Maya,Moreau,maya.moreau.158@example.com
59,Olivia,Bernard,olivia.bernard.59@example.com
217,Olivia,Bernard,olivia.bernard.217@example.com
545,Maya,Fournier,maya.fournier.545@example.com
226,Hugo,Lambert,hugo.lambert.226@example.com
673,Zoe,Lefevre,zoe.lefevre.673@example.com
75,Liam,Moreau,liam.moreau.75@example.com
221,Sam,Muller,sam.muller.221@example.com
337,Zoe,Petit,zoe.petit.337@example.com
653,Taylor,Durand,taylor.durand.653@example.com
163,Ethan,Lemoine,ethan.lemoine.163@example.com
794,Hugo,Fournier,hugo.fournier.794@example.com
999,Adam,Lopez,adam.lopez.999@example.com
452,Taylor,Muller,taylor.muller.452@example.com
307,Chris,Bernard,chris.bernard.307@example.com
772,Sofia,Lambert,sofia.lambert.772@example.com
899,Chris,Boyer,chris.boyer.899@example.com
176,Emma,Lopez,emma.lopez.176@example.com
357,Taylor,Lefevre,taylor.lefevre.357@example.com
380,Liam,Lopez,liam.lopez.380@example.com
752,Maya,Garcia,maya.garcia.752@example.com
723,Olivia,Dubois,olivia.dubois.723@example.com
35,Yara,Muller,yara.muller.35@example.com
272,Ethan,Boyer,ethan.boyer.272@example.com
728,Sofia,Renard,sofia.renard.728@example.com
663,Jordan,Durand,jordan.durand.663@example.com
748,Emma,Muller,emma.muller.748@example.com
411,Ethan,Dubois,ethan.dubois.411@example.com
23,Jordan,Lefevre,jordan.lefevre.23@example.com
374,Mila,Lefevre,mila.lefevre.374@example.com
795,Chris,Boyer,chris.boyer.795@example.com
256,Sam,Rousseau,sam.rousseau.256@example.com
58,Ethan,Durand,ethan.durand.58@example.com
903,Liam,Durand,liam.durand.903@example.com
948,Mila,Lefevre,mila.lefevre.948@example.com
645,Emma,Dubois,emma.dubois.645@example.com
395,Ethan,Bernard,ethan.bernard.395@example.com
767,Chris,Mercier,chris.mercier.767@example.com
168,Emma,Garcia,emma.garcia.168@example.com
837,Leo,Muller,leo.muller.837@example.com
310,Leo,Durand,leo.durand.310@example.com
195,Mila,Petit,mila.petit.195@example.com
327,Ethan,Durand,ethan.durand.327@example.com
662,Sofia,Muller,sofia.muller.662@example.com
348,Zoe,Boyer,zoe.boyer.348@example.com
671,Hugo,Lemoine,hugo.lemoine.671@example.com
873,Yara,Bernard,yara.bernard.873@example.com
428,Leo,Lefevre,leo.lefevre.428@example.com
335,Sofia,Fournier,sofia.fournier.335@example.com
313,Leo,Martin,leo.martin.313@example.com
453,Emma,Muller,emma.muller.453@example.com
223,Jordan,Martin,jordan.martin.223@example.com
733,Hugo,Lopez,hugo.lopez.733@example.com
18,Zoe,Bonnet,zoe.bonnet.18@example.com
627,Mila,Petit,mila.petit.627@example.com
64,Nina,Garcia,nina.garcia.64@example.com
4,Jordan,Lambert,jordan.lambert.4@example.com
277,Nina,Muller,nina.muller.277@example.com
727,Ethan,Bonnet,ethan.bonnet.727@example.com
843,Hugo,Muller,hugo.muller.843@example.com
445,Sam,Mercier,sam.mercier.445@example.com
870,Jordan,Renard,jordan.renard.870@example.com
536,Maya,Garcia,maya.garcia.536@example.com
637,Chris,Bonnet,chris.bonnet.637@example.com
359,Sofia,Durand,sofia.durand.359@example.com
547,Jordan,Bonnet,jordan.bonnet.547@example.com
632,Ethan,Moreau,ethan.moreau.632@example.com
147,Emma,Garcia,emma.garcia.147@example.com
576,Yara,Bonnet,yara.bonnet.576@example.com
212,Noah,Mercier,noah.mercier.212@example.com
324,Chris,Martin,chris.martin.324@example.com
856,Yara,Rousseau,yara.rousseau.856@example.com
861,Nina,Garcia,nina.garcia.861@example.com
368,Leo,Fournier,leo.fournier.368@example.com
243,Jordan,Mercier,jordan.mercier.243@example.com
779,Liam,Lemoine,liam.lemoine.779@example.com
496,Nina,Bernard,nina.bernard.496@example.com
925,Hugo,Lefevre,hugo.lefevre.925@example.com
894,Yara,Bonnet,yara.bonnet.894@example.com
189,Nina,Martin,nina.martin.189@example.com
549,Noah,Muller,noah.muller.549@example.com
372,Kenza,Dubois,kenza.dubois.372@example.com
366,Alex,Fournier,alex.fournier.366@example.com
471,Nina,Garcia,nina.garcia.471@example.com
895,Chris,Muller,chris.muller.895@example.com
10,Yara,Rousseau,yara.rousseau.10@example.com
264,Sam,Lemoine,sam.lemoine.264@example.com
707,Taylor,Boyer,taylor.boyer.707@example.com
667,Nina,Petit,nina.petit.667@example.com
760,Kenza,Mercier,kenza.mercier.760@example.com
840,Chris,Dubois,chris.dubois.840@example.com
921,Yara,Renard,yara.renard.921@example.com
654,Leo,Garcia,leo.garcia.654@example.com
600,Ethan,Mercier,ethan.mercier.600@example.com
985,Kenza,Lopez,kenza.lopez.985@example.com
61,Jordan,Bonnet,jordan.bonnet.61@example.com
93,Chris,Lefevre,chris.lefevre.93@example.com
682,Yara,Moreau,yara.moreau.682@example.com
71,Olivia,Petit,olivia.petit.71@example.com
465,Jordan,Lopez,jordan.lopez.465@example.com
773,Nina,Lemoine,nina.lemoine.773@example.com
852,Nina,Bonnet,nina.bonnet.852@example.com
658,Liam,Renard,liam.renard.658@example.com
808,Leo,Garcia,leo.garcia.808@example.com
750,Jordan,Renard,jordan.renard.750@example.com
620,Adam,Fournier,adam.fournier.620@example.com
777,Hugo,Bonnet,hugo.bonnet.777@example.com
978,Alex,Garcia,alex.garcia.978@example.com
29,Kenza,Bernard,kenza.bernard.29@example.com
855,Mila,Mercier,mila.mercier.855@example.com
598,Maya,Moreau,maya.moreau.598@example.com
419,Mila,Fournier,mila.fournier.419@example.com
596,Chris,Mercier,chris.mercier.596@example.com
529,Emma,Durand,emma.durand.529@example.com
745,Noah,Bonnet,noah.bonnet.745@example.com
815,Noah,Lopez,noah.lopez.815@example.com
966,Leo,Lopez,leo.lopez.966@example.com
284,Emma,Boyer,emma.boyer.284@example.com
652,Nina,Mercier,nina.mercier.652@example.com
330,Nina,Lambert,nina.lambert.330@example.com
156,Yara,Dubois,yara.dubois.156@example.com
754,Sofia,Mercier,sofia.mercier.754@example.com
997,Leo,Moreau,leo.moreau.997@example.com
832,Liam,Bonnet,liam.bonnet.832@example.com
793,Zoe,Garcia,zoe.garcia.793@example.com
240,Taylor,Renard,taylor.renard.240@example.com
108,Kenza,Lefevre,kenza.lefevre.108@example.com
906,Kenza,Dubois,kenza.dubois.906@example.com
740,Sofia,Garcia,sofia.garcia.740@example.com
484,Alex,Lopez,alex.lopez.484@example.com
437,Ethan,Lambert,ethan.lambert.437@example.com
497,Mila,Moreau,mila.moreau.497@example.com
885,Sofia,Lefevre,sofia.lefevre.885@example.com
203,Alex,Mercier,alex.mercier.203@example.com
786,Kenza,Lemoine,kenza.lemoine.786@example.com
635,Kenza,Martin,kenza.martin.635@example.com
239,Noah,Garcia,noah.garcia.239@example.com
493,Leo,Lambert,leo.lambert.493@example.com
234,Maya,Lopez,maya.lopez.234@example.com
842,Kenza,Lopez,kenza.lopez.842@example.com
881,Sofia,Rousseau,sofia.rousseau.881@example.com
704,Noah,Boyer,noah.boyer.704@example.com
611,Sam,Lopez,sam.lopez.611@example.com
467,Leo,Lopez,leo.lopez.467@example.com
926,Mila,Lefevre,mila.lefevre.926@example.com
599,Kenza,Lemoine,kenza.lemoine.599@example.com
285,Yara,Boyer,yara.boyer.285@example.com
924,Alex,Bonnet,alex.bonnet.924@example.com
28,Adam,Durand,adam.durand.28@example.com
708,Sam,Dubois,sam.dubois.708@example.com
984,Yara,Lambert,yara.lambert.984@example.com
19,Chris,Fournier,chris.fournier.19@example.com
604,Jordan,Durand,jordan.durand.604@example.com
295,Maya,Boyer,maya.boyer.295@example.com
630,Mila,Petit,mila.petit.630@example.com
205,Adam,Lopez,adam.lopez.205@example.com
290,Hugo,Lemoine,hugo.lemoine.290@example.com
120,Emma,Rousseau,emma.rousseau.120@example.com
839,Leo,Lemoine,leo.lemoine.839@example.com
135,Sofia,Bonnet,sofia.bonnet.135@example.com
422,Ethan,Petit,ethan.petit.422@example.com
720,Nina,Dubois,nina.dubois.720@example.com
478,Alex,Bernard,alex.bernard.478@example.com
396,Emma,Lefevre,emma.lefevre.396@example.com
944,Taylor,Lemoine,taylor.lemoine.944@example.com
820,Hugo,Durand,hugo.durand.820@example.com
200,Olivia,Petit,olivia.petit.200@example.com
847,Alex,Lopez,alex.lopez.847@example.com
531,Alex,Lemoine,alex.lemoine.531@example.com
394,Olivia,Bonnet,olivia.bonnet.394@example.com
13,Zoe,Renard,zoe.renard.13@example.com
980,Zoe,Mercier,zoe.mercier.980@example.com
624,Chris,Muller,chris.muller.624@example.com
494,Sofia,Muller,sofia.muller.494@example.com
14,Hugo,Lefevre,hugo.lefevre.14@example.com
42,Nina,Bernard,nina.bernard.42@example.com
361,Leo,Durand,leo.durand.361@example.com
49,Maya,Bonnet,maya.bonnet.49@example.com
602,Leo,Muller,leo.muller.602@example.com
121,Ethan,Renard,ethan.renard.121@example.com
619,Sofia,Fournier,sofia.fournier.619@example.com
676,Mila,Renard,mila.renard.676@example.com
351,Kenza,Bernard,kenza.bernard.351@example.com
495,Maya,Durand,maya.durand.495@example.com
887,Sam,Bernard,sam.bernard.887@example.com
831,Zoe,Durand,zoe.durand.831@example.com
400,Yara,Mercier,yara.mercier.400@example.com
255,Chris,Boyer,chris.boyer.255@example.com
373,Taylor,Lambert,taylor.lambert.373@example.com
833,Leo,Bonnet,leo.bonnet.833@example.com
137,Taylor,Garcia,taylor.garcia.137@example.com
543,Sam,Muller,sam.muller.543@example.com
127,Alex,Lopez,alex.lopez.127@example.com
459,Nina,Garcia,nina.garcia.459@example.com
383,Alex,Lambert,alex.lambert.383@example.com
100,Adam,Boyer,adam.boyer.100@example.com
956,Yara,Martin,yara.martin.956@example.com
443,Adam,Dubois,adam.dubois.443@example.com
890,Zoe,Garcia,zoe.garcia.890@example.com
265,Liam,Dubois,liam.dubois.265@example.com
245,Nina,Fournier,nina.fournier.245@example.com
937,Olivia,Lopez,olivia.lopez.937@example.com
816,Sam,Muller,sam.muller.816@example.com
142,Olivia,Rousseau,olivia.rousseau.142@example.com
196,Liam,Muller,liam.muller.196@example.com
764,Jordan,Durand,jordan.durand.764@example.com
350,Chris,Durand,chris.durand.350@example.com
537,Yara,Bernard,yara.bernard.537@example.com
828,Alex,Moreau,alex.moreau.828@example.com
74,Jordan,Lambert,jordan.lambert.74@example.com
540,Ethan,Lambert,ethan.lambert.540@example.com
210,Sofia,Muller,sofia.muller.210@example.com
849,Emma,Lambert,emma.lambert.849@example.com
739,Maya,Moreau,maya.moreau.739@example.com
413,Emma,Muller,emma.muller.413@example.com
381,Sofia,Lemoine,sofia.lemoine.381@example.com
73,Adam,Fournier,adam.fournier.73@example.com
523,Chris,Petit,chris.petit.523@example.com
211,Yara,Boyer,yara.boyer.211@example.com
648,Zoe,Lemoine,zoe.lemoine.648@example.com
660,Yara,Muller,yara.muller.660@example.com
938,Chris,Mercier,chris.mercier.938@example.com
998,Taylor,Renard,taylor.renard.998@example.com
597,Sam,Martin,sam.martin.597@example.com
589,Leo,Dubois,leo.dubois.589@example.com
616,Ethan,Durand,ethan.durand.616@example.com
551,Jordan,Lefevre,jordan.lefevre.551@example.com
354,Hugo,Lambert,hugo.lambert.354@example.com
920,Zoe,Boyer,zoe.boyer.920@example.com
993,Yara,Dubois,yara.dubois.993@example.com
387,Nina,Bernard,nina.bernard.387@example.com
143,Yara,Garcia,yara.garcia.143@example.com
179,Leo,Garcia,leo.garcia.179@example.com
97,Mila,Martin,mila.martin.97@example.com
651,Mila,Bernard,mila.bernard.651@example.com
802,Emma,Petit,emma.petit.802@example.com
548,Zoe,Boyer,zoe.boyer.548@example.com
498,Leo,Garcia,leo.garcia.498@example.com
78,Kenza,Petit,kenza.petit.78@example.com
344,Yara,Fournier,yara.fournier.344@example.com
343,Nina,Moreau,nina.moreau.343@example.com
485,Mila,Fournier,mila.fournier.485@example.com
347,Chris,Renard,chris.renard.347@example.com
580,Leo,Bonnet,leo.bonnet.580@example.com
672,Ethan,Martin,ethan.martin.672@example.com
126,Adam,Boyer,adam.boyer.126@example.com
122,Kenza,Boyer,kenza.boyer.122@example.com
415,Sofia,Dubois,sofia.dubois.415@example.com
456,Olivia,Rousseau,olivia.rousseau.456@example.com
